state,date,cases,growth,growth_cumulated
burgenland,2020-02-24,0,0,0
burgenland,2020-02-25,0,0,0
burgenland,2020-02-26,0,0,0
burgenland,2020-02-27,0,0,0
burgenland,2020-02-28,0,0,0
burgenland,2020-02-29,0,0,0
burgenland,2020-03-01,0,0,0
burgenland,2020-03-02,0,0,0
burgenland,2020-03-03,0,0,0
burgenland,2020-03-04,0,0,0
burgenland,2020-03-05,0,0,0
burgenland,2020-03-06,0,0,0
burgenland,2020-03-07,0,0,0
burgenland,2020-03-08,0,0,0
burgenland,2020-03-09,4,4,0
burgenland,2020-03-10,4,0,4
burgenland,2020-03-11,4,0,4
burgenland,2020-03-12,6,2,4
burgenland,2020-03-13,7,1,6
burgenland,2020-03-14,10,3,7
burgenland,2020-03-15,10,0,10
burgenland,2020-03-16,10,0,10
burgenland,2020-03-17,11,1,6
burgenland,2020-03-18,20,9,7
burgenland,2020-03-19,29,9,16
burgenland,2020-03-20,33,4,23
burgenland,2020-03-21,54,21,26
burgenland,2020-03-22,63,9,44
burgenland,2020-03-23,71,8,53
burgenland,2020-03-24,84,13,61
burgenland,2020-03-25,89,5,73
burgenland,2020-03-26,115,26,69
burgenland,2020-03-27,138,23,86
burgenland,2020-03-28,142,4,105
burgenland,2020-03-29,159,17,88
burgenland,2020-03-30,179,20,96
burgenland,2020-03-31,182,3,108
burgenland,2020-04-01,188,6,98
burgenland,2020-04-02,203,15,99
burgenland,2020-04-03,210,7,88
burgenland,2020-04-04,225,15,72
burgenland,2020-04-05,228,3,83
burgenland,2020-04-06,232,4,69
burgenland,2020-04-07,235,3,53
burgenland,2020-04-08,244,9,53
burgenland,2020-04-09,246,2,56
burgenland,2020-04-10,255,9,43
burgenland,2020-04-11,259,4,45
burgenland,2020-04-12,266,7,34
burgenland,2020-04-13,269,3,38
burgenland,2020-04-14,271,2,37
burgenland,2020-04-15,278,7,36
burgenland,2020-04-16,281,3,34
burgenland,2020-04-17,286,5,35
burgenland,2020-04-18,288,2,31
burgenland,2020-04-19,300,12,29
burgenland,2020-04-20,303,3,34
burgenland,2020-04-21,312,9,34
burgenland,2020-04-22,317,5,41
burgenland,2020-04-23,317,0,39
burgenland,2020-04-24,317,0,36
burgenland,2020-04-25,321,4,31
burgenland,2020-04-26,321,0,33
burgenland,2020-04-27,322,1,21
burgenland,2020-04-28,328,6,19
burgenland,2020-04-29,329,1,16
burgenland,2020-04-30,330,1,12
burgenland,2020-05-01,330,0,13
burgenland,2020-05-02,330,0,13
burgenland,2020-05-03,334,4,9
burgenland,2020-05-04,334,0,13
burgenland,2020-05-05,334,0,12
burgenland,2020-05-06,336,2,6
burgenland,2020-05-07,336,0,7
burgenland,2020-05-08,337,1,6
burgenland,2020-05-09,337,0,7
burgenland,2020-05-10,337,0,7
burgenland,2020-05-11,337,0,3
burgenland,2020-05-12,337,0,3
burgenland,2020-05-13,336,-1,3
burgenland,2020-05-14,336,0,0
burgenland,2020-05-15,336,0,0
burgenland,2020-05-16,337,1,-1
burgenland,2020-05-17,338,1,0
burgenland,2020-05-18,339,1,1
burgenland,2020-05-19,340,1,2
burgenland,2020-05-20,340,0,3
burgenland,2020-05-21,340,0,4
burgenland,2020-05-22,340,0,4
burgenland,2020-05-23,342,2,4
burgenland,2020-05-24,342,0,5
burgenland,2020-05-25,343,1,4
burgenland,2020-05-26,343,0,4
burgenland,2020-05-27,343,0,3
burgenland,2020-05-28,344,1,3
burgenland,2020-05-29,344,0,4
burgenland,2020-05-30,345,1,4
burgenland,2020-05-31,345,0,3
burgenland,2020-06-01,346,1,3
burgenland,2020-06-02,346,0,3
burgenland,2020-06-03,346,0,3
burgenland,2020-06-04,346,0,3
burgenland,2020-06-05,346,0,2
burgenland,2020-06-06,346,0,2
burgenland,2020-06-07,346,0,1
burgenland,2020-06-08,346,0,1
burgenland,2020-06-09,346,0,0
burgenland,2020-06-10,346,0,0
burgenland,2020-06-11,346,0,0
burgenland,2020-06-12,346,0,0
burgenland,2020-06-13,343,-3,0
burgenland,2020-06-14,343,0,-3
burgenland,2020-06-15,343,0,-3
burgenland,2020-06-16,343,0,-3
burgenland,2020-06-17,343,0,-3
burgenland,2020-06-18,344,1,-3
burgenland,2020-06-19,344,0,-2
burgenland,2020-06-20,347,3,-2
burgenland,2020-06-21,347,0,4
burgenland,2020-06-22,347,0,4
burgenland,2020-06-23,347,0,4
burgenland,2020-06-24,349,2,4
burgenland,2020-06-25,350,1,6
burgenland,2020-06-26,350,0,6
burgenland,2020-06-27,350,0,6
burgenland,2020-06-28,351,1,3
burgenland,2020-06-29,353,2,4
burgenland,2020-06-30,353,0,6
burgenland,2020-07-01,354,1,6
burgenland,2020-07-02,355,1,5
burgenland,2020-07-03,358,3,5
burgenland,2020-07-04,362,4,8
burgenland,2020-07-05,362,0,12
burgenland,2020-07-06,362,0,11
burgenland,2020-07-07,364,2,9
burgenland,2020-07-08,365,1,11
burgenland,2020-07-09,367,2,11
burgenland,2020-07-10,370,3,12
burgenland,2020-07-11,370,0,12
burgenland,2020-07-12,371,1,8
burgenland,2020-07-13,371,0,9
burgenland,2020-07-14,371,0,9
burgenland,2020-07-15,376,5,7
burgenland,2020-07-16,377,1,11
burgenland,2020-07-17,378,1,10
burgenland,2020-07-18,378,0,8
burgenland,2020-07-19,382,4,8
burgenland,2020-07-20,384,2,11
burgenland,2020-07-21,387,3,13
burgenland,2020-07-22,391,4,16
burgenland,2020-07-23,394,3,15
burgenland,2020-07-24,396,2,17
burgenland,2020-07-25,395,-1,18
burgenland,2020-07-26,398,3,17
burgenland,2020-07-27,401,3,16
burgenland,2020-07-28,404,3,17
burgenland,2020-07-29,407,3,17
burgenland,2020-07-30,409,2,16
burgenland,2020-07-31,419,10,15
burgenland,2020-08-01,419,0,23
burgenland,2020-08-02,420,1,24
burgenland,2020-08-03,420,0,22
burgenland,2020-08-04,422,2,19
burgenland,2020-08-05,423,1,18
burgenland,2020-08-06,423,0,16
burgenland,2020-08-07,424,1,14
burgenland,2020-08-08,424,0,5
burgenland,2020-08-09,427,3,5
burgenland,2020-08-10,427,0,7
burgenland,2020-08-11,428,1,7
burgenland,2020-08-12,430,2,6
burgenland,2020-08-13,433,3,7
burgenland,2020-08-14,436,3,10
burgenland,2020-08-15,436,0,12
burgenland,2020-08-16,437,1,12
burgenland,2020-08-17,439,2,10
burgenland,2020-08-18,438,-1,12
burgenland,2020-08-19,441,3,10
burgenland,2020-08-20,446,5,11
burgenland,2020-08-21,450,4,13
burgenland,2020-08-22,454,4,14
burgenland,2020-08-23,455,1,18
burgenland,2020-08-24,462,7,18
burgenland,2020-08-25,464,2,23
burgenland,2020-08-26,468,4,26
burgenland,2020-08-27,476,8,27
burgenland,2020-08-28,475,-1,30
burgenland,2020-08-29,483,8,25
burgenland,2020-08-30,488,5,29
burgenland,2020-08-31,491,3,33
burgenland,2020-09-01,496,5,29
burgenland,2020-09-02,506,10,32
burgenland,2020-09-03,507,1,38
burgenland,2020-09-04,518,11,31
burgenland,2020-09-05,524,6,43
burgenland,2020-09-06,532,8,41
burgenland,2020-09-07,543,11,44
burgenland,2020-09-08,547,4,52
burgenland,2020-09-09,556,9,51
burgenland,2020-09-10,569,13,50
burgenland,2020-09-11,571,2,62
burgenland,2020-09-12,580,9,53
burgenland,2020-09-13,592,12,56
burgenland,2020-09-14,595,3,60
burgenland,2020-09-15,601,6,52
burgenland,2020-09-16,612,11,54
burgenland,2020-09-17,626,14,56
burgenland,2020-09-18,644,18,57
burgenland,2020-09-19,654,10,73
burgenland,2020-09-20,662,8,74
burgenland,2020-09-21,670,8,70
burgenland,2020-09-22,684,14,75
burgenland,2020-09-23,717,33,83
burgenland,2020-09-24,721,4,105
burgenland,2020-09-25,729,8,95
burgenland,2020-09-26,749,20,85
burgenland,2020-09-27,758,9,95
burgenland,2020-09-28,768,10,96
burgenland,2020-09-29,791,23,98
burgenland,2020-09-30,808,17,107
kaernten,2020-02-24,0,0,0
kaernten,2020-02-25,0,0,0
kaernten,2020-02-26,0,0,0
kaernten,2020-02-27,0,0,0
kaernten,2020-02-28,0,0,0
kaernten,2020-02-29,0,0,0
kaernten,2020-03-01,0,0,0
kaernten,2020-03-02,0,0,0
kaernten,2020-03-03,0,0,0
kaernten,2020-03-04,0,0,0
kaernten,2020-03-05,0,0,0
kaernten,2020-03-06,0,0,0
kaernten,2020-03-07,0,0,0
kaernten,2020-03-08,0,0,0
kaernten,2020-03-09,1,1,0
kaernten,2020-03-10,1,0,1
kaernten,2020-03-11,3,2,1
kaernten,2020-03-12,3,0,3
kaernten,2020-03-13,4,1,3
kaernten,2020-03-14,5,1,4
kaernten,2020-03-15,6,1,5
kaernten,2020-03-16,18,12,6
kaernten,2020-03-17,27,9,17
kaernten,2020-03-18,41,14,26
kaernten,2020-03-19,50,9,38
kaernten,2020-03-20,71,21,47
kaernten,2020-03-21,83,12,67
kaernten,2020-03-22,108,25,78
kaernten,2020-03-23,122,14,102
kaernten,2020-03-24,141,19,104
kaernten,2020-03-25,161,20,114
kaernten,2020-03-26,183,22,120
kaernten,2020-03-27,202,19,133
kaernten,2020-03-28,221,19,131
kaernten,2020-03-29,239,18,138
kaernten,2020-03-30,261,22,131
kaernten,2020-03-31,273,12,139
kaernten,2020-04-01,293,20,132
kaernten,2020-04-02,300,7,132
kaernten,2020-04-03,307,7,117
kaernten,2020-04-04,310,3,105
kaernten,2020-04-05,319,9,89
kaernten,2020-04-06,329,10,80
kaernten,2020-04-07,341,12,68
kaernten,2020-04-08,360,19,68
kaernten,2020-04-09,366,6,67
kaernten,2020-04-10,373,7,66
kaernten,2020-04-11,382,9,66
kaernten,2020-04-12,385,3,72
kaernten,2020-04-13,386,1,66
kaernten,2020-04-14,386,0,57
kaernten,2020-04-15,388,2,45
kaernten,2020-04-16,388,0,28
kaernten,2020-04-17,394,6,22
kaernten,2020-04-18,395,1,21
kaernten,2020-04-19,394,-1,13
kaernten,2020-04-20,394,0,9
kaernten,2020-04-21,397,3,8
kaernten,2020-04-22,402,5,11
kaernten,2020-04-23,402,0,14
kaernten,2020-04-24,402,0,14
kaernten,2020-04-25,402,0,8
kaernten,2020-04-26,404,2,7
kaernten,2020-04-27,406,2,10
kaernten,2020-04-28,407,1,12
kaernten,2020-04-29,410,3,10
kaernten,2020-04-30,410,0,8
kaernten,2020-05-01,410,0,8
kaernten,2020-05-02,410,0,8
kaernten,2020-05-03,410,0,8
kaernten,2020-05-04,410,0,6
kaernten,2020-05-05,410,0,4
kaernten,2020-05-06,411,1,3
kaernten,2020-05-07,411,0,1
kaernten,2020-05-08,411,0,1
kaernten,2020-05-09,411,0,1
kaernten,2020-05-10,411,0,1
kaernten,2020-05-11,411,0,1
kaernten,2020-05-12,411,0,1
kaernten,2020-05-13,411,0,1
kaernten,2020-05-14,410,-1,0
kaernten,2020-05-15,411,1,-1
kaernten,2020-05-16,411,0,0
kaernten,2020-05-17,411,0,0
kaernten,2020-05-18,411,0,0
kaernten,2020-05-19,411,0,0
kaernten,2020-05-20,411,0,0
kaernten,2020-05-21,411,0,0
kaernten,2020-05-22,411,0,1
kaernten,2020-05-23,411,0,0
kaernten,2020-05-24,411,0,0
kaernten,2020-05-25,411,0,0
kaernten,2020-05-26,411,0,0
kaernten,2020-05-27,413,2,0
kaernten,2020-05-28,414,1,2
kaernten,2020-05-29,414,0,3
kaernten,2020-05-30,414,0,3
kaernten,2020-05-31,414,0,3
kaernten,2020-06-01,414,0,3
kaernten,2020-06-02,415,1,3
kaernten,2020-06-03,416,1,4
kaernten,2020-06-04,416,0,3
kaernten,2020-06-05,416,0,2
kaernten,2020-06-06,416,0,2
kaernten,2020-06-07,416,0,2
kaernten,2020-06-08,416,0,2
kaernten,2020-06-09,416,0,2
kaernten,2020-06-10,415,-1,1
kaernten,2020-06-11,415,0,-1
kaernten,2020-06-12,415,0,-1
kaernten,2020-06-13,415,0,-1
kaernten,2020-06-14,415,0,-1
kaernten,2020-06-15,419,4,-1
kaernten,2020-06-16,419,0,3
kaernten,2020-06-17,419,0,3
kaernten,2020-06-18,419,0,4
kaernten,2020-06-19,418,-1,4
kaernten,2020-06-20,419,1,3
kaernten,2020-06-21,422,3,4
kaernten,2020-06-22,422,0,7
kaernten,2020-06-23,422,0,3
kaernten,2020-06-24,425,3,3
kaernten,2020-06-25,426,1,6
kaernten,2020-06-26,429,3,7
kaernten,2020-06-27,429,0,11
kaernten,2020-06-28,429,0,10
kaernten,2020-06-29,429,0,7
kaernten,2020-06-30,429,0,7
kaernten,2020-07-01,429,0,7
kaernten,2020-07-02,430,1,4
kaernten,2020-07-03,430,0,4
kaernten,2020-07-04,431,1,1
kaernten,2020-07-05,433,2,2
kaernten,2020-07-06,433,0,4
kaernten,2020-07-07,434,1,4
kaernten,2020-07-08,435,1,5
kaernten,2020-07-09,436,1,6
kaernten,2020-07-10,437,1,6
kaernten,2020-07-11,443,6,7
kaernten,2020-07-12,444,1,12
kaernten,2020-07-13,444,0,11
kaernten,2020-07-14,444,0,11
kaernten,2020-07-15,445,1,10
kaernten,2020-07-16,446,1,10
kaernten,2020-07-17,446,0,10
kaernten,2020-07-18,448,2,9
kaernten,2020-07-19,448,0,5
kaernten,2020-07-20,448,0,4
kaernten,2020-07-21,452,4,4
kaernten,2020-07-22,452,0,8
kaernten,2020-07-23,452,0,7
kaernten,2020-07-24,452,0,6
kaernten,2020-07-25,452,0,6
kaernten,2020-07-26,454,2,4
kaernten,2020-07-27,453,-1,6
kaernten,2020-07-28,456,3,5
kaernten,2020-07-29,456,0,4
kaernten,2020-07-30,457,1,4
kaernten,2020-07-31,459,2,5
kaernten,2020-08-01,461,2,7
kaernten,2020-08-02,465,4,9
kaernten,2020-08-03,467,2,11
kaernten,2020-08-04,471,4,14
kaernten,2020-08-05,473,2,15
kaernten,2020-08-06,482,9,17
kaernten,2020-08-07,485,3,25
kaernten,2020-08-08,490,5,26
kaernten,2020-08-09,494,4,29
kaernten,2020-08-10,494,0,29
kaernten,2020-08-11,501,7,27
kaernten,2020-08-12,503,2,30
kaernten,2020-08-13,510,7,30
kaernten,2020-08-14,532,22,28
kaernten,2020-08-15,565,33,47
kaernten,2020-08-16,573,8,75
kaernten,2020-08-17,582,9,79
kaernten,2020-08-18,586,4,88
kaernten,2020-08-19,592,6,85
kaernten,2020-08-20,598,6,89
kaernten,2020-08-21,604,6,88
kaernten,2020-08-22,609,5,72
kaernten,2020-08-23,615,6,44
kaernten,2020-08-24,620,5,42
kaernten,2020-08-25,623,3,38
kaernten,2020-08-26,628,5,37
kaernten,2020-08-27,633,5,36
kaernten,2020-08-28,639,6,35
kaernten,2020-08-29,643,4,35
kaernten,2020-08-30,643,0,34
kaernten,2020-08-31,645,2,28
kaernten,2020-09-01,647,2,25
kaernten,2020-09-02,650,3,24
kaernten,2020-09-03,653,3,22
kaernten,2020-09-04,654,1,20
kaernten,2020-09-05,656,2,15
kaernten,2020-09-06,658,2,13
kaernten,2020-09-07,662,4,15
kaernten,2020-09-08,668,6,17
kaernten,2020-09-09,670,2,21
kaernten,2020-09-10,675,5,20
kaernten,2020-09-11,682,7,22
kaernten,2020-09-12,688,6,28
kaernten,2020-09-13,700,12,32
kaernten,2020-09-14,707,7,42
kaernten,2020-09-15,714,7,45
kaernten,2020-09-16,722,8,46
kaernten,2020-09-17,734,12,52
kaernten,2020-09-18,742,8,59
kaernten,2020-09-19,747,5,60
kaernten,2020-09-20,764,17,59
kaernten,2020-09-21,779,15,64
kaernten,2020-09-22,790,11,72
kaernten,2020-09-23,809,19,76
kaernten,2020-09-24,820,11,87
kaernten,2020-09-25,842,22,86
kaernten,2020-09-26,858,16,100
kaernten,2020-09-27,876,18,111
kaernten,2020-09-28,882,6,112
kaernten,2020-09-29,896,14,103
kaernten,2020-09-30,919,23,106
niederoesterreich,2020-02-24,0,0,0
niederoesterreich,2020-02-25,0,0,0
niederoesterreich,2020-02-26,0,0,0
niederoesterreich,2020-02-27,0,0,0
niederoesterreich,2020-02-28,0,0,0
niederoesterreich,2020-02-29,0,0,0
niederoesterreich,2020-03-01,0,0,0
niederoesterreich,2020-03-02,0,0,0
niederoesterreich,2020-03-03,14,14,0
niederoesterreich,2020-03-04,14,0,14
niederoesterreich,2020-03-05,14,0,14
niederoesterreich,2020-03-06,14,0,14
niederoesterreich,2020-03-07,14,0,14
niederoesterreich,2020-03-08,14,0,14
niederoesterreich,2020-03-09,36,22,14
niederoesterreich,2020-03-10,40,4,36
niederoesterreich,2020-03-11,45,5,26
niederoesterreich,2020-03-12,51,6,31
niederoesterreich,2020-03-13,63,12,37
niederoesterreich,2020-03-14,82,19,49
niederoesterreich,2020-03-15,111,29,68
niederoesterreich,2020-03-16,152,41,97
niederoesterreich,2020-03-17,216,64,116
niederoesterreich,2020-03-18,256,40,176
niederoesterreich,2020-03-19,305,49,211
niederoesterreich,2020-03-20,357,52,254
niederoesterreich,2020-03-21,394,37,294
niederoesterreich,2020-03-22,467,73,312
niederoesterreich,2020-03-23,564,97,356
niederoesterreich,2020-03-24,620,56,412
niederoesterreich,2020-03-25,753,133,404
niederoesterreich,2020-03-26,873,120,497
niederoesterreich,2020-03-27,1147,274,568
niederoesterreich,2020-03-28,1262,115,790
niederoesterreich,2020-03-29,1350,88,868
niederoesterreich,2020-03-30,1533,183,883
niederoesterreich,2020-03-31,1616,83,969
niederoesterreich,2020-04-01,1687,71,996
niederoesterreich,2020-04-02,1744,57,934
niederoesterreich,2020-04-03,1831,87,871
niederoesterreich,2020-04-04,1863,32,684
niederoesterreich,2020-04-05,1903,40,601
niederoesterreich,2020-04-06,2010,107,553
niederoesterreich,2020-04-07,2079,69,477
niederoesterreich,2020-04-08,2126,47,463
niederoesterreich,2020-04-09,2174,48,439
niederoesterreich,2020-04-10,2213,39,430
niederoesterreich,2020-04-11,2278,65,382
niederoesterreich,2020-04-12,2324,46,415
niederoesterreich,2020-04-13,2347,23,421
niederoesterreich,2020-04-14,2387,40,337
niederoesterreich,2020-04-15,2398,11,308
niederoesterreich,2020-04-16,2417,19,272
niederoesterreich,2020-04-17,2439,22,243
niederoesterreich,2020-04-18,2461,22,226
niederoesterreich,2020-04-19,2470,9,183
niederoesterreich,2020-04-20,2477,7,146
niederoesterreich,2020-04-21,2496,19,130
niederoesterreich,2020-04-22,2500,4,109
niederoesterreich,2020-04-23,2519,19,102
niederoesterreich,2020-04-24,2533,14,102
niederoesterreich,2020-04-25,2547,14,94
niederoesterreich,2020-04-26,2554,7,86
niederoesterreich,2020-04-27,2562,8,84
niederoesterreich,2020-04-28,2589,27,85
niederoesterreich,2020-04-29,2578,-11,93
niederoesterreich,2020-04-30,2594,16,78
niederoesterreich,2020-05-01,2623,29,75
niederoesterreich,2020-05-02,2626,3,90
niederoesterreich,2020-05-03,2629,3,79
niederoesterreich,2020-05-04,2633,4,75
niederoesterreich,2020-05-05,2639,6,71
niederoesterreich,2020-05-06,2653,14,50
niederoesterreich,2020-05-07,2663,10,75
niederoesterreich,2020-05-08,2668,5,69
niederoesterreich,2020-05-09,2682,14,45
niederoesterreich,2020-05-10,2685,3,56
niederoesterreich,2020-05-11,2687,2,56
niederoesterreich,2020-05-12,2702,15,54
niederoesterreich,2020-05-13,2712,10,63
niederoesterreich,2020-05-14,2721,9,59
niederoesterreich,2020-05-15,2739,18,58
niederoesterreich,2020-05-16,2772,33,71
niederoesterreich,2020-05-17,2780,8,90
niederoesterreich,2020-05-18,2785,5,95
niederoesterreich,2020-05-19,2799,14,98
niederoesterreich,2020-05-20,2793,-6,97
niederoesterreich,2020-05-21,2800,7,81
niederoesterreich,2020-05-22,2811,11,79
niederoesterreich,2020-05-23,2832,21,72
niederoesterreich,2020-05-24,2831,-1,60
niederoesterreich,2020-05-25,2845,14,51
niederoesterreich,2020-05-26,2847,2,60
niederoesterreich,2020-05-27,2856,9,48
niederoesterreich,2020-05-28,2862,6,63
niederoesterreich,2020-05-29,2862,0,62
niederoesterreich,2020-05-30,2867,5,51
niederoesterreich,2020-05-31,2867,0,35
niederoesterreich,2020-06-01,2866,-1,36
niederoesterreich,2020-06-02,2866,0,21
niederoesterreich,2020-06-03,2867,1,19
niederoesterreich,2020-06-04,2868,1,11
niederoesterreich,2020-06-05,2873,5,6
niederoesterreich,2020-06-06,2880,7,11
niederoesterreich,2020-06-07,2881,1,13
niederoesterreich,2020-06-08,2884,3,14
niederoesterreich,2020-06-09,2889,5,18
niederoesterreich,2020-06-10,2891,2,23
niederoesterreich,2020-06-11,2892,1,24
niederoesterreich,2020-06-12,2900,8,24
niederoesterreich,2020-06-13,2905,5,27
niederoesterreich,2020-06-14,2911,6,25
niederoesterreich,2020-06-15,2914,3,30
niederoesterreich,2020-06-16,2924,10,30
niederoesterreich,2020-06-17,2926,2,35
niederoesterreich,2020-06-18,2929,3,35
niederoesterreich,2020-06-19,2937,8,37
niederoesterreich,2020-06-20,2940,3,37
niederoesterreich,2020-06-21,2947,7,35
niederoesterreich,2020-06-22,2955,8,36
niederoesterreich,2020-06-23,2956,1,41
niederoesterreich,2020-06-24,2962,6,32
niederoesterreich,2020-06-25,2970,8,36
niederoesterreich,2020-06-26,2973,3,41
niederoesterreich,2020-06-27,2983,10,36
niederoesterreich,2020-06-28,2993,10,43
niederoesterreich,2020-06-29,3000,7,46
niederoesterreich,2020-06-30,3006,6,45
niederoesterreich,2020-07-01,3013,7,50
niederoesterreich,2020-07-02,3012,-1,51
niederoesterreich,2020-07-03,3016,4,42
niederoesterreich,2020-07-04,3024,8,43
niederoesterreich,2020-07-05,3026,2,41
niederoesterreich,2020-07-06,3031,5,33
niederoesterreich,2020-07-07,3037,6,31
niederoesterreich,2020-07-08,3043,6,31
niederoesterreich,2020-07-09,3047,4,30
niederoesterreich,2020-07-10,3053,6,35
niederoesterreich,2020-07-11,3058,5,37
niederoesterreich,2020-07-12,3066,8,34
niederoesterreich,2020-07-13,3070,4,40
niederoesterreich,2020-07-14,3069,-1,39
niederoesterreich,2020-07-15,3094,25,32
niederoesterreich,2020-07-16,3121,27,51
niederoesterreich,2020-07-17,3159,38,74
niederoesterreich,2020-07-18,3176,17,106
niederoesterreich,2020-07-19,3188,12,118
niederoesterreich,2020-07-20,3195,7,122
niederoesterreich,2020-07-21,3206,11,125
niederoesterreich,2020-07-22,3220,14,137
niederoesterreich,2020-07-23,3236,16,126
niederoesterreich,2020-07-24,3252,16,115
niederoesterreich,2020-07-25,3268,16,93
niederoesterreich,2020-07-26,3290,22,92
niederoesterreich,2020-07-27,3306,16,102
niederoesterreich,2020-07-28,3329,23,111
niederoesterreich,2020-07-29,3339,10,123
niederoesterreich,2020-07-30,3351,12,119
niederoesterreich,2020-07-31,3366,15,115
niederoesterreich,2020-08-01,3387,21,114
niederoesterreich,2020-08-02,3399,12,119
niederoesterreich,2020-08-03,3404,5,109
niederoesterreich,2020-08-04,3424,20,98
niederoesterreich,2020-08-05,3440,16,95
niederoesterreich,2020-08-06,3453,13,101
niederoesterreich,2020-08-07,3464,11,102
niederoesterreich,2020-08-08,3474,10,98
niederoesterreich,2020-08-09,3481,7,87
niederoesterreich,2020-08-10,3489,8,82
niederoesterreich,2020-08-11,3502,13,85
niederoesterreich,2020-08-12,3523,21,78
niederoesterreich,2020-08-13,3546,23,83
niederoesterreich,2020-08-14,3562,16,93
niederoesterreich,2020-08-15,3569,7,98
niederoesterreich,2020-08-16,3608,39,95
niederoesterreich,2020-08-17,3627,19,127
niederoesterreich,2020-08-18,3659,32,138
niederoesterreich,2020-08-19,3686,27,157
niederoesterreich,2020-08-20,3707,21,163
niederoesterreich,2020-08-21,3734,27,161
niederoesterreich,2020-08-22,3757,23,172
niederoesterreich,2020-08-23,3781,24,188
niederoesterreich,2020-08-24,3813,32,173
niederoesterreich,2020-08-25,3835,22,186
niederoesterreich,2020-08-26,3857,22,176
niederoesterreich,2020-08-27,3885,28,171
niederoesterreich,2020-08-28,3916,31,178
niederoesterreich,2020-08-29,3951,35,182
niederoesterreich,2020-08-30,3991,40,194
niederoesterreich,2020-08-31,4023,32,210
niederoesterreich,2020-09-01,4043,20,210
niederoesterreich,2020-09-02,4089,46,208
niederoesterreich,2020-09-03,4148,59,232
niederoesterreich,2020-09-04,4179,31,263
niederoesterreich,2020-09-05,4209,30,263
niederoesterreich,2020-09-06,4245,36,258
niederoesterreich,2020-09-07,4301,56,254
niederoesterreich,2020-09-08,4350,49,278
niederoesterreich,2020-09-09,4407,57,307
niederoesterreich,2020-09-10,4501,94,318
niederoesterreich,2020-09-11,4563,62,353
niederoesterreich,2020-09-12,4698,135,384
niederoesterreich,2020-09-13,4790,92,489
niederoesterreich,2020-09-14,4849,59,545
niederoesterreich,2020-09-15,4944,95,548
niederoesterreich,2020-09-16,5103,159,594
niederoesterreich,2020-09-17,5203,100,696
niederoesterreich,2020-09-18,5362,159,702
niederoesterreich,2020-09-19,5432,70,799
niederoesterreich,2020-09-20,5526,94,734
niederoesterreich,2020-09-21,5707,181,736
niederoesterreich,2020-09-22,5793,86,858
niederoesterreich,2020-09-23,5893,100,849
niederoesterreich,2020-09-24,6074,181,790
niederoesterreich,2020-09-25,6210,136,871
niederoesterreich,2020-09-26,6329,119,848
niederoesterreich,2020-09-27,6438,109,897
niederoesterreich,2020-09-28,6555,117,912
niederoesterreich,2020-09-29,6599,44,848
niederoesterreich,2020-09-30,6772,173,806
oberoesterreich,2020-02-24,0,0,0
oberoesterreich,2020-02-25,0,0,0
oberoesterreich,2020-02-26,0,0,0
oberoesterreich,2020-02-27,0,0,0
oberoesterreich,2020-02-28,0,0,0
oberoesterreich,2020-02-29,0,0,0
oberoesterreich,2020-03-01,0,0,0
oberoesterreich,2020-03-02,0,0,0
oberoesterreich,2020-03-03,0,0,0
oberoesterreich,2020-03-04,0,0,0
oberoesterreich,2020-03-05,0,0,0
oberoesterreich,2020-03-06,0,0,0
oberoesterreich,2020-03-07,0,0,0
oberoesterreich,2020-03-08,0,0,0
oberoesterreich,2020-03-09,11,11,0
oberoesterreich,2020-03-10,22,11,11
oberoesterreich,2020-03-11,35,13,22
oberoesterreich,2020-03-12,58,23,35
oberoesterreich,2020-03-13,84,26,58
oberoesterreich,2020-03-14,116,32,84
oberoesterreich,2020-03-15,159,43,116
oberoesterreich,2020-03-16,202,43,159
oberoesterreich,2020-03-17,248,46,191
oberoesterreich,2020-03-18,305,57,226
oberoesterreich,2020-03-19,371,66,270
oberoesterreich,2020-03-20,427,56,313
oberoesterreich,2020-03-21,548,121,343
oberoesterreich,2020-03-22,629,81,432
oberoesterreich,2020-03-23,707,78,470
oberoesterreich,2020-03-24,797,90,505
oberoesterreich,2020-03-25,918,121,549
oberoesterreich,2020-03-26,1054,136,613
oberoesterreich,2020-03-27,1227,173,683
oberoesterreich,2020-03-28,1337,110,800
oberoesterreich,2020-03-29,1451,114,789
oberoesterreich,2020-03-30,1535,84,822
oberoesterreich,2020-03-31,1596,61,828
oberoesterreich,2020-04-01,1729,133,799
oberoesterreich,2020-04-02,1804,75,811
oberoesterreich,2020-04-03,1864,60,750
oberoesterreich,2020-04-04,1896,32,637
oberoesterreich,2020-04-05,1949,53,559
oberoesterreich,2020-04-06,1974,25,498
oberoesterreich,2020-04-07,2006,32,439
oberoesterreich,2020-04-08,2046,40,410
oberoesterreich,2020-04-09,2085,39,317
oberoesterreich,2020-04-10,2109,24,281
oberoesterreich,2020-04-11,2118,9,245
oberoesterreich,2020-04-12,2122,4,222
oberoesterreich,2020-04-13,2134,12,173
oberoesterreich,2020-04-14,2140,6,160
oberoesterreich,2020-04-15,2149,9,134
oberoesterreich,2020-04-16,2166,17,103
oberoesterreich,2020-04-17,2175,9,81
oberoesterreich,2020-04-18,2194,19,66
oberoesterreich,2020-04-19,2199,5,76
oberoesterreich,2020-04-20,2203,4,77
oberoesterreich,2020-04-21,2211,8,69
oberoesterreich,2020-04-22,2215,4,71
oberoesterreich,2020-04-23,2219,4,66
oberoesterreich,2020-04-24,2229,10,53
oberoesterreich,2020-04-25,2238,9,54
oberoesterreich,2020-04-26,2240,2,44
oberoesterreich,2020-04-27,2246,6,41
oberoesterreich,2020-04-28,2250,4,43
oberoesterreich,2020-04-29,2251,1,39
oberoesterreich,2020-04-30,2253,2,36
oberoesterreich,2020-05-01,2254,1,34
oberoesterreich,2020-05-02,2256,2,25
oberoesterreich,2020-05-03,2256,0,18
oberoesterreich,2020-05-04,2258,2,16
oberoesterreich,2020-05-05,2259,1,12
oberoesterreich,2020-05-06,2258,-1,9
oberoesterreich,2020-05-07,2263,5,7
oberoesterreich,2020-05-08,2264,1,10
oberoesterreich,2020-05-09,2266,2,10
oberoesterreich,2020-05-10,2268,2,10
oberoesterreich,2020-05-11,2269,1,12
oberoesterreich,2020-05-12,2267,-2,11
oberoesterreich,2020-05-13,2269,2,8
oberoesterreich,2020-05-14,2269,0,11
oberoesterreich,2020-05-15,2270,1,6
oberoesterreich,2020-05-16,2275,5,6
oberoesterreich,2020-05-17,2275,0,9
oberoesterreich,2020-05-18,2275,0,7
oberoesterreich,2020-05-19,2282,7,6
oberoesterreich,2020-05-20,2289,7,15
oberoesterreich,2020-05-21,2286,-3,20
oberoesterreich,2020-05-22,2287,1,17
oberoesterreich,2020-05-23,2289,2,17
oberoesterreich,2020-05-24,2289,0,14
oberoesterreich,2020-05-25,2290,1,14
oberoesterreich,2020-05-26,2290,0,15
oberoesterreich,2020-05-27,2292,2,8
oberoesterreich,2020-05-28,2292,0,3
oberoesterreich,2020-05-29,2294,2,6
oberoesterreich,2020-05-30,2294,0,7
oberoesterreich,2020-05-31,2295,1,5
oberoesterreich,2020-06-01,2296,1,6
oberoesterreich,2020-06-02,2297,1,6
oberoesterreich,2020-06-03,2297,0,7
oberoesterreich,2020-06-04,2301,4,5
oberoesterreich,2020-06-05,2301,0,9
oberoesterreich,2020-06-06,2309,8,7
oberoesterreich,2020-06-07,2312,3,15
oberoesterreich,2020-06-08,2313,1,17
oberoesterreich,2020-06-09,2314,1,17
oberoesterreich,2020-06-10,2319,5,17
oberoesterreich,2020-06-11,2327,8,22
oberoesterreich,2020-06-12,2328,1,26
oberoesterreich,2020-06-13,2330,2,27
oberoesterreich,2020-06-14,2330,0,21
oberoesterreich,2020-06-15,2330,0,18
oberoesterreich,2020-06-16,2330,0,17
oberoesterreich,2020-06-17,2331,1,16
oberoesterreich,2020-06-18,2332,1,12
oberoesterreich,2020-06-19,2335,3,5
oberoesterreich,2020-06-20,2338,3,7
oberoesterreich,2020-06-21,2342,4,8
oberoesterreich,2020-06-22,2346,4,12
oberoesterreich,2020-06-23,2349,3,16
oberoesterreich,2020-06-24,2360,11,19
oberoesterreich,2020-06-25,2365,5,29
oberoesterreich,2020-06-26,2374,9,33
oberoesterreich,2020-06-27,2398,24,39
oberoesterreich,2020-06-28,2416,18,60
oberoesterreich,2020-06-29,2452,36,74
oberoesterreich,2020-06-30,2458,6,106
oberoesterreich,2020-07-01,2519,61,109
oberoesterreich,2020-07-02,2561,42,159
oberoesterreich,2020-07-03,2611,50,196
oberoesterreich,2020-07-04,2646,35,237
oberoesterreich,2020-07-05,2702,56,248
oberoesterreich,2020-07-06,2759,57,286
oberoesterreich,2020-07-07,2780,21,307
oberoesterreich,2020-07-08,2812,32,322
oberoesterreich,2020-07-09,2857,45,293
oberoesterreich,2020-07-10,2902,45,296
oberoesterreich,2020-07-11,2938,36,291
oberoesterreich,2020-07-12,2991,53,292
oberoesterreich,2020-07-13,3016,25,289
oberoesterreich,2020-07-14,3036,20,257
oberoesterreich,2020-07-15,3066,30,256
oberoesterreich,2020-07-16,3103,37,254
oberoesterreich,2020-07-17,3163,60,246
oberoesterreich,2020-07-18,3199,36,261
oberoesterreich,2020-07-19,3232,33,261
oberoesterreich,2020-07-20,3264,32,241
oberoesterreich,2020-07-21,3288,24,248
oberoesterreich,2020-07-22,3340,52,252
oberoesterreich,2020-07-23,3390,50,274
oberoesterreich,2020-07-24,3429,39,287
oberoesterreich,2020-07-25,3473,44,266
oberoesterreich,2020-07-26,3496,23,274
oberoesterreich,2020-07-27,3526,30,264
oberoesterreich,2020-07-28,3556,30,262
oberoesterreich,2020-07-29,3586,30,268
oberoesterreich,2020-07-30,3617,31,246
oberoesterreich,2020-07-31,3662,45,227
oberoesterreich,2020-08-01,3679,17,233
oberoesterreich,2020-08-02,3692,13,206
oberoesterreich,2020-08-03,3700,8,196
oberoesterreich,2020-08-04,3724,24,174
oberoesterreich,2020-08-05,3744,20,168
oberoesterreich,2020-08-06,3773,29,158
oberoesterreich,2020-08-07,3792,19,156
oberoesterreich,2020-08-08,3818,26,130
oberoesterreich,2020-08-09,3825,7,139
oberoesterreich,2020-08-10,3834,9,133
oberoesterreich,2020-08-11,3857,23,134
oberoesterreich,2020-08-12,3888,31,133
oberoesterreich,2020-08-13,3911,23,144
oberoesterreich,2020-08-14,3956,45,138
oberoesterreich,2020-08-15,4008,52,164
oberoesterreich,2020-08-16,4032,24,190
oberoesterreich,2020-08-17,4062,30,207
oberoesterreich,2020-08-18,4099,37,228
oberoesterreich,2020-08-19,4173,74,242
oberoesterreich,2020-08-20,4240,67,285
oberoesterreich,2020-08-21,4299,59,329
oberoesterreich,2020-08-22,4334,35,343
oberoesterreich,2020-08-23,4361,27,326
oberoesterreich,2020-08-24,4390,29,329
oberoesterreich,2020-08-25,4425,35,328
oberoesterreich,2020-08-26,4474,49,326
oberoesterreich,2020-08-27,4534,60,301
oberoesterreich,2020-08-28,4585,51,294
oberoesterreich,2020-08-29,4642,57,286
oberoesterreich,2020-08-30,4661,19,308
oberoesterreich,2020-08-31,4683,22,300
oberoesterreich,2020-09-01,4699,16,293
oberoesterreich,2020-09-02,4732,33,274
oberoesterreich,2020-09-03,4761,29,258
oberoesterreich,2020-09-04,4794,33,227
oberoesterreich,2020-09-05,4838,44,209
oberoesterreich,2020-09-06,4874,36,196
oberoesterreich,2020-09-07,4907,33,213
oberoesterreich,2020-09-08,4934,27,224
oberoesterreich,2020-09-09,5007,73,235
oberoesterreich,2020-09-10,5057,50,275
oberoesterreich,2020-09-11,5112,55,296
oberoesterreich,2020-09-12,5190,78,318
oberoesterreich,2020-09-13,5242,52,352
oberoesterreich,2020-09-14,5300,58,368
oberoesterreich,2020-09-15,5357,57,393
oberoesterreich,2020-09-16,5441,84,423
oberoesterreich,2020-09-17,5565,124,434
oberoesterreich,2020-09-18,5636,71,508
oberoesterreich,2020-09-19,5744,108,524
oberoesterreich,2020-09-20,5793,49,554
oberoesterreich,2020-09-21,5860,67,551
oberoesterreich,2020-09-22,5946,86,560
oberoesterreich,2020-09-23,6038,92,589
oberoesterreich,2020-09-24,6105,67,597
oberoesterreich,2020-09-25,6156,51,540
oberoesterreich,2020-09-26,6252,96,520
oberoesterreich,2020-09-27,6326,74,508
oberoesterreich,2020-09-28,6379,53,533
oberoesterreich,2020-09-29,6471,92,519
oberoesterreich,2020-09-30,6567,96,525
salzburg,2020-02-24,0,0,0
salzburg,2020-02-25,0,0,0
salzburg,2020-02-26,0,0,0
salzburg,2020-02-27,0,0,0
salzburg,2020-02-28,0,0,0
salzburg,2020-02-29,0,0,0
salzburg,2020-03-01,0,0,0
salzburg,2020-03-02,0,0,0
salzburg,2020-03-03,2,2,0
salzburg,2020-03-04,2,0,2
salzburg,2020-03-05,2,0,2
salzburg,2020-03-06,2,0,2
salzburg,2020-03-07,2,0,2
salzburg,2020-03-08,2,0,2
salzburg,2020-03-09,9,7,2
salzburg,2020-03-10,12,3,9
salzburg,2020-03-11,14,2,10
salzburg,2020-03-12,19,5,12
salzburg,2020-03-13,23,4,17
salzburg,2020-03-14,30,7,21
salzburg,2020-03-15,39,9,28
salzburg,2020-03-16,58,19,37
salzburg,2020-03-17,66,8,49
salzburg,2020-03-18,89,23,54
salzburg,2020-03-19,127,38,75
salzburg,2020-03-20,167,40,108
salzburg,2020-03-21,184,17,144
salzburg,2020-03-22,271,87,154
salzburg,2020-03-23,372,101,232
salzburg,2020-03-24,429,57,314
salzburg,2020-03-25,516,87,363
salzburg,2020-03-26,591,75,427
salzburg,2020-03-27,687,96,464
salzburg,2020-03-28,751,64,520
salzburg,2020-03-29,798,47,567
salzburg,2020-03-30,855,57,527
salzburg,2020-03-31,911,56,483
salzburg,2020-04-01,976,65,482
salzburg,2020-04-02,1017,41,460
salzburg,2020-04-03,1055,38,426
salzburg,2020-04-04,1062,7,368
salzburg,2020-04-05,1073,11,311
salzburg,2020-04-06,1085,12,275
salzburg,2020-04-07,1118,33,230
salzburg,2020-04-08,1129,11,207
salzburg,2020-04-09,1143,14,153
salzburg,2020-04-10,1154,11,126
salzburg,2020-04-11,1157,3,99
salzburg,2020-04-12,1169,12,95
salzburg,2020-04-13,1173,4,96
salzburg,2020-04-14,1174,1,88
salzburg,2020-04-15,1197,23,56
salzburg,2020-04-16,1205,8,68
salzburg,2020-04-17,1210,5,62
salzburg,2020-04-18,1213,3,56
salzburg,2020-04-19,1217,4,56
salzburg,2020-04-20,1222,5,48
salzburg,2020-04-21,1222,0,49
salzburg,2020-04-22,1222,0,48
salzburg,2020-04-23,1222,0,25
salzburg,2020-04-24,1224,2,17
salzburg,2020-04-25,1226,2,14
salzburg,2020-04-26,1228,2,13
salzburg,2020-04-27,1232,4,11
salzburg,2020-04-28,1232,0,10
salzburg,2020-04-29,1233,1,10
salzburg,2020-04-30,1234,1,11
salzburg,2020-05-01,1236,2,12
salzburg,2020-05-02,1236,0,12
salzburg,2020-05-03,1236,0,10
salzburg,2020-05-04,1237,1,8
salzburg,2020-05-05,1235,-2,5
salzburg,2020-05-06,1236,1,3
salzburg,2020-05-07,1235,-1,3
salzburg,2020-05-08,1235,0,1
salzburg,2020-05-09,1235,0,-1
salzburg,2020-05-10,1235,0,-1
salzburg,2020-05-11,1235,0,-1
salzburg,2020-05-12,1235,0,-2
salzburg,2020-05-13,1235,0,0
salzburg,2020-05-14,1235,0,-1
salzburg,2020-05-15,1235,0,0
salzburg,2020-05-16,1235,0,0
salzburg,2020-05-17,1235,0,0
salzburg,2020-05-18,1235,0,0
salzburg,2020-05-19,1235,0,0
salzburg,2020-05-20,1238,3,0
salzburg,2020-05-21,1239,1,3
salzburg,2020-05-22,1239,0,4
salzburg,2020-05-23,1239,0,4
salzburg,2020-05-24,1239,0,4
salzburg,2020-05-25,1240,1,4
salzburg,2020-05-26,1240,0,5
salzburg,2020-05-27,1239,-1,5
salzburg,2020-05-28,1239,0,1
salzburg,2020-05-29,1240,1,0
salzburg,2020-05-30,1240,0,1
salzburg,2020-05-31,1240,0,1
salzburg,2020-06-01,1240,0,1
salzburg,2020-06-02,1240,0,0
salzburg,2020-06-03,1240,0,0
salzburg,2020-06-04,1240,0,1
salzburg,2020-06-05,1240,0,1
salzburg,2020-06-06,1240,0,0
salzburg,2020-06-07,1240,0,0
salzburg,2020-06-08,1240,0,0
salzburg,2020-06-09,1240,0,0
salzburg,2020-06-10,1241,1,0
salzburg,2020-06-11,1241,0,1
salzburg,2020-06-12,1241,0,1
salzburg,2020-06-13,1241,0,1
salzburg,2020-06-14,1241,0,1
salzburg,2020-06-15,1241,0,1
salzburg,2020-06-16,1241,0,1
salzburg,2020-06-17,1243,2,1
salzburg,2020-06-18,1244,1,2
salzburg,2020-06-19,1246,2,3
salzburg,2020-06-20,1252,6,5
salzburg,2020-06-21,1255,3,11
salzburg,2020-06-22,1258,3,14
salzburg,2020-06-23,1259,1,17
salzburg,2020-06-24,1261,2,18
salzburg,2020-06-25,1263,2,18
salzburg,2020-06-26,1263,0,19
salzburg,2020-06-27,1263,0,17
salzburg,2020-06-28,1266,3,11
salzburg,2020-06-29,1268,2,11
salzburg,2020-06-30,1269,1,10
salzburg,2020-07-01,1271,2,10
salzburg,2020-07-02,1272,1,10
salzburg,2020-07-03,1273,1,9
salzburg,2020-07-04,1276,3,10
salzburg,2020-07-05,1279,3,13
salzburg,2020-07-06,1280,1,13
salzburg,2020-07-07,1283,3,12
salzburg,2020-07-08,1290,7,14
salzburg,2020-07-09,1299,9,19
salzburg,2020-07-10,1300,1,27
salzburg,2020-07-11,1303,3,27
salzburg,2020-07-12,1307,4,27
salzburg,2020-07-13,1307,0,28
salzburg,2020-07-14,1313,6,27
salzburg,2020-07-15,1315,2,30
salzburg,2020-07-16,1322,7,25
salzburg,2020-07-17,1323,1,23
salzburg,2020-07-18,1336,13,23
salzburg,2020-07-19,1341,5,33
salzburg,2020-07-20,1344,3,34
salzburg,2020-07-21,1309,-35,37
salzburg,2020-07-22,1312,3,-4
salzburg,2020-07-23,1333,21,-3
salzburg,2020-07-24,1328,-5,11
salzburg,2020-07-25,1335,7,5
salzburg,2020-07-26,1337,2,-1
salzburg,2020-07-27,1345,8,-4
salzburg,2020-07-28,1349,4,1
salzburg,2020-07-29,1351,2,40
salzburg,2020-07-30,1362,11,39
salzburg,2020-07-31,1377,15,29
salzburg,2020-08-01,1380,3,49
salzburg,2020-08-02,1382,2,45
salzburg,2020-08-03,1382,0,45
salzburg,2020-08-04,1393,11,37
salzburg,2020-08-05,1395,2,44
salzburg,2020-08-06,1398,3,44
salzburg,2020-08-07,1408,10,36
salzburg,2020-08-08,1411,3,31
salzburg,2020-08-09,1424,13,31
salzburg,2020-08-10,1431,7,42
salzburg,2020-08-11,1435,4,49
salzburg,2020-08-12,1439,4,42
salzburg,2020-08-13,1451,12,44
salzburg,2020-08-14,1458,7,53
salzburg,2020-08-15,1474,16,50
salzburg,2020-08-16,1488,14,63
salzburg,2020-08-17,1492,4,64
salzburg,2020-08-18,1499,7,61
salzburg,2020-08-19,1522,23,64
salzburg,2020-08-20,1540,18,83
salzburg,2020-08-21,1550,10,89
salzburg,2020-08-22,1562,12,92
salzburg,2020-08-23,1564,2,88
salzburg,2020-08-24,1584,20,76
salzburg,2020-08-25,1600,16,92
salzburg,2020-08-26,1618,18,101
salzburg,2020-08-27,1628,10,96
salzburg,2020-08-28,1634,6,88
salzburg,2020-08-29,1645,11,84
salzburg,2020-08-30,1655,10,83
salzburg,2020-08-31,1665,10,91
salzburg,2020-09-01,1678,13,81
salzburg,2020-09-02,1680,2,78
salzburg,2020-09-03,1692,12,62
salzburg,2020-09-04,1694,2,64
salzburg,2020-09-05,1698,4,60
salzburg,2020-09-06,1698,0,53
salzburg,2020-09-07,1723,25,43
salzburg,2020-09-08,1733,10,58
salzburg,2020-09-09,1735,2,55
salzburg,2020-09-10,1744,9,55
salzburg,2020-09-11,1759,15,52
salzburg,2020-09-12,1785,26,65
salzburg,2020-09-13,1801,16,87
salzburg,2020-09-14,1803,2,103
salzburg,2020-09-15,1823,20,80
salzburg,2020-09-16,1832,9,90
salzburg,2020-09-17,1859,27,97
salzburg,2020-09-18,1882,23,115
salzburg,2020-09-19,1900,18,123
salzburg,2020-09-20,1921,21,115
salzburg,2020-09-21,1935,14,120
salzburg,2020-09-22,2012,77,132
salzburg,2020-09-23,2023,11,189
salzburg,2020-09-24,2039,16,191
salzburg,2020-09-25,2054,15,180
salzburg,2020-09-26,2099,45,172
salzburg,2020-09-27,2126,27,199
salzburg,2020-09-28,2157,31,205
salzburg,2020-09-29,2165,8,222
salzburg,2020-09-30,2200,35,153
steiermark,2020-02-24,0,0,0
steiermark,2020-02-25,0,0,0
steiermark,2020-02-26,0,0,0
steiermark,2020-02-27,0,0,0
steiermark,2020-02-28,0,0,0
steiermark,2020-02-29,0,0,0
steiermark,2020-03-01,0,0,0
steiermark,2020-03-02,0,0,0
steiermark,2020-03-03,3,3,0
steiermark,2020-03-04,3,0,3
steiermark,2020-03-05,3,0,3
steiermark,2020-03-06,3,0,3
steiermark,2020-03-07,3,0,3
steiermark,2020-03-08,3,0,3
steiermark,2020-03-09,16,13,3
steiermark,2020-03-10,18,2,16
steiermark,2020-03-11,25,7,15
steiermark,2020-03-12,33,8,22
steiermark,2020-03-13,52,19,30
steiermark,2020-03-14,71,19,49
steiermark,2020-03-15,111,40,68
steiermark,2020-03-16,139,28,108
steiermark,2020-03-17,171,32,123
steiermark,2020-03-18,220,49,153
steiermark,2020-03-19,282,62,195
steiermark,2020-03-20,340,58,249
steiermark,2020-03-21,388,48,288
steiermark,2020-03-22,433,45,317
steiermark,2020-03-23,486,53,322
steiermark,2020-03-24,569,83,347
steiermark,2020-03-25,627,58,398
steiermark,2020-03-26,699,72,407
steiermark,2020-03-27,777,78,417
steiermark,2020-03-28,848,71,437
steiermark,2020-03-29,915,67,460
steiermark,2020-03-30,958,43,482
steiermark,2020-03-31,1049,91,472
steiermark,2020-04-01,1125,76,480
steiermark,2020-04-02,1169,44,498
steiermark,2020-04-03,1226,57,470
steiermark,2020-04-04,1281,55,449
steiermark,2020-04-05,1312,31,433
steiermark,2020-04-06,1351,39,397
steiermark,2020-04-07,1396,45,393
steiermark,2020-04-08,1432,36,347
steiermark,2020-04-09,1468,36,307
steiermark,2020-04-10,1499,31,299
steiermark,2020-04-11,1524,25,273
steiermark,2020-04-12,1553,29,243
steiermark,2020-04-13,1572,19,241
steiermark,2020-04-14,1588,16,221
steiermark,2020-04-15,1572,-16,192
steiermark,2020-04-16,1603,31,140
steiermark,2020-04-17,1624,21,135
steiermark,2020-04-18,1638,14,125
steiermark,2020-04-19,1646,8,114
steiermark,2020-04-20,1653,7,93
steiermark,2020-04-21,1664,11,81
steiermark,2020-04-22,1670,6,76
steiermark,2020-04-23,1686,16,98
steiermark,2020-04-24,1696,10,83
steiermark,2020-04-25,1703,7,72
steiermark,2020-04-26,1722,19,65
steiermark,2020-04-27,1735,13,76
steiermark,2020-04-28,1747,12,82
steiermark,2020-04-29,1752,5,83
steiermark,2020-04-30,1756,4,82
steiermark,2020-05-01,1761,5,70
steiermark,2020-05-02,1764,3,65
steiermark,2020-05-03,1766,2,61
steiermark,2020-05-04,1767,1,44
steiermark,2020-05-05,1774,7,32
steiermark,2020-05-06,1778,4,27
steiermark,2020-05-07,1785,7,26
steiermark,2020-05-08,1788,3,29
steiermark,2020-05-09,1794,6,27
steiermark,2020-05-10,1810,16,30
steiermark,2020-05-11,1810,0,44
steiermark,2020-05-12,1810,0,43
steiermark,2020-05-13,1814,4,36
steiermark,2020-05-14,1814,0,36
steiermark,2020-05-15,1815,1,29
steiermark,2020-05-16,1818,3,27
steiermark,2020-05-17,1822,4,24
steiermark,2020-05-18,1822,0,12
steiermark,2020-05-19,1825,3,12
steiermark,2020-05-20,1828,3,15
steiermark,2020-05-21,1832,4,14
steiermark,2020-05-22,1833,1,18
steiermark,2020-05-23,1833,0,18
steiermark,2020-05-24,1833,0,15
steiermark,2020-05-25,1834,1,11
steiermark,2020-05-26,1835,1,12
steiermark,2020-05-27,1835,0,10
steiermark,2020-05-28,1835,0,7
steiermark,2020-05-29,1835,0,3
steiermark,2020-05-30,1836,1,2
steiermark,2020-05-31,1836,0,3
steiermark,2020-06-01,1836,0,3
steiermark,2020-06-02,1837,1,2
steiermark,2020-06-03,1837,0,2
steiermark,2020-06-04,1840,3,2
steiermark,2020-06-05,1842,2,5
steiermark,2020-06-06,1845,3,7
steiermark,2020-06-07,1845,0,9
steiermark,2020-06-08,1845,0,9
steiermark,2020-06-09,1844,-1,9
steiermark,2020-06-10,1844,0,7
steiermark,2020-06-11,1841,-3,7
steiermark,2020-06-12,1842,1,1
steiermark,2020-06-13,1841,-1,0
steiermark,2020-06-14,1841,0,-4
steiermark,2020-06-15,1841,0,-4
steiermark,2020-06-16,1843,2,-4
steiermark,2020-06-17,1843,0,-1
steiermark,2020-06-18,1845,2,-1
steiermark,2020-06-19,1845,0,4
steiermark,2020-06-20,1849,4,3
steiermark,2020-06-21,1850,1,8
steiermark,2020-06-22,1851,1,9
steiermark,2020-06-23,1851,0,10
steiermark,2020-06-24,1853,2,8
steiermark,2020-06-25,1853,0,10
steiermark,2020-06-26,1857,4,8
steiermark,2020-06-27,1862,5,12
steiermark,2020-06-28,1862,0,13
steiermark,2020-06-29,1852,-10,12
steiermark,2020-06-30,1853,1,1
steiermark,2020-07-01,1862,9,2
steiermark,2020-07-02,1862,0,9
steiermark,2020-07-03,1871,9,9
steiermark,2020-07-04,1882,11,14
steiermark,2020-07-05,1887,5,20
steiermark,2020-07-06,1888,1,25
steiermark,2020-07-07,1891,3,36
steiermark,2020-07-08,1901,10,38
steiermark,2020-07-09,1908,7,39
steiermark,2020-07-10,1908,0,46
steiermark,2020-07-11,1912,4,37
steiermark,2020-07-12,1913,1,30
steiermark,2020-07-13,1915,2,26
steiermark,2020-07-14,1919,4,27
steiermark,2020-07-15,1939,20,28
steiermark,2020-07-16,1948,9,38
steiermark,2020-07-17,1952,4,40
steiermark,2020-07-18,1964,12,44
steiermark,2020-07-19,1970,6,52
steiermark,2020-07-20,1975,5,57
steiermark,2020-07-21,1985,10,60
steiermark,2020-07-22,2000,15,66
steiermark,2020-07-23,2012,12,61
steiermark,2020-07-24,2027,15,64
steiermark,2020-07-25,2035,8,75
steiermark,2020-07-26,2037,2,71
steiermark,2020-07-27,2038,1,67
steiermark,2020-07-28,2050,12,63
steiermark,2020-07-29,2063,13,65
steiermark,2020-07-30,2075,12,63
steiermark,2020-07-31,2079,4,63
steiermark,2020-08-01,2087,8,52
steiermark,2020-08-02,2089,2,52
steiermark,2020-08-03,2093,4,52
steiermark,2020-08-04,2091,-2,55
steiermark,2020-08-05,2100,9,41
steiermark,2020-08-06,2102,2,37
steiermark,2020-08-07,2108,6,27
steiermark,2020-08-08,2114,6,29
steiermark,2020-08-09,2118,4,27
steiermark,2020-08-10,2120,2,29
steiermark,2020-08-11,2126,6,27
steiermark,2020-08-12,2139,13,35
steiermark,2020-08-13,2154,15,39
steiermark,2020-08-14,2167,13,52
steiermark,2020-08-15,2179,12,59
steiermark,2020-08-16,2182,3,65
steiermark,2020-08-17,2191,9,64
steiermark,2020-08-18,2216,25,71
steiermark,2020-08-19,2230,14,90
steiermark,2020-08-20,2241,11,91
steiermark,2020-08-21,2256,15,87
steiermark,2020-08-22,2283,27,89
steiermark,2020-08-23,2289,6,104
steiermark,2020-08-24,2324,35,107
steiermark,2020-08-25,2335,11,133
steiermark,2020-08-26,2347,12,119
steiermark,2020-08-27,2380,33,117
steiermark,2020-08-28,2416,36,139
steiermark,2020-08-29,2440,24,160
steiermark,2020-08-30,2460,20,157
steiermark,2020-08-31,2472,12,171
steiermark,2020-09-01,2493,21,148
steiermark,2020-09-02,2517,24,158
steiermark,2020-09-03,2547,30,170
steiermark,2020-09-04,2580,33,167
steiermark,2020-09-05,2594,14,164
steiermark,2020-09-06,2605,11,154
steiermark,2020-09-07,2637,32,145
steiermark,2020-09-08,2647,10,165
steiermark,2020-09-09,2658,11,154
steiermark,2020-09-10,2689,31,141
steiermark,2020-09-11,2733,44,142
steiermark,2020-09-12,2790,57,153
steiermark,2020-09-13,2819,29,196
steiermark,2020-09-14,2853,34,214
steiermark,2020-09-15,2897,44,216
steiermark,2020-09-16,2938,41,250
steiermark,2020-09-17,2960,22,280
steiermark,2020-09-18,3044,84,271
steiermark,2020-09-19,3103,59,311
steiermark,2020-09-20,3116,13,313
steiermark,2020-09-21,3150,34,297
steiermark,2020-09-22,3236,86,297
steiermark,2020-09-23,3265,29,339
steiermark,2020-09-24,3296,31,327
steiermark,2020-09-25,3334,38,336
steiermark,2020-09-26,3365,31,290
steiermark,2020-09-27,3441,76,262
steiermark,2020-09-28,3486,45,325
steiermark,2020-09-29,3519,33,336
steiermark,2020-09-30,3528,9,283
tirol,2020-02-24,0,0,0
tirol,2020-02-25,0,0,0
tirol,2020-02-26,0,0,0
tirol,2020-02-27,0,0,0
tirol,2020-02-28,0,0,0
tirol,2020-02-29,0,0,0
tirol,2020-03-01,0,0,0
tirol,2020-03-02,0,0,0
tirol,2020-03-03,2,2,0
tirol,2020-03-04,2,0,2
tirol,2020-03-05,2,0,2
tirol,2020-03-06,2,0,2
tirol,2020-03-07,2,0,2
tirol,2020-03-08,2,0,2
tirol,2020-03-09,16,14,2
tirol,2020-03-10,32,16,16
tirol,2020-03-11,57,25,30
tirol,2020-03-12,109,52,55
tirol,2020-03-13,167,58,107
tirol,2020-03-14,206,39,165
tirol,2020-03-15,254,48,204
tirol,2020-03-16,301,47,252
tirol,2020-03-17,328,27,285
tirol,2020-03-18,382,54,296
tirol,2020-03-19,464,82,325
tirol,2020-03-20,508,44,355
tirol,2020-03-21,575,67,341
tirol,2020-03-22,644,69,369
tirol,2020-03-23,804,160,390
tirol,2020-03-24,1254,450,503
tirol,2020-03-25,1403,149,926
tirol,2020-03-26,1623,220,1021
tirol,2020-03-27,1755,132,1159
tirol,2020-03-28,1849,94,1247
tirol,2020-03-29,1944,95,1274
tirol,2020-03-30,2205,261,1300
tirol,2020-03-31,2323,118,1401
tirol,2020-04-01,2452,129,1069
tirol,2020-04-02,2569,117,1049
tirol,2020-04-03,2632,63,946
tirol,2020-04-04,2655,23,877
tirol,2020-04-05,2739,84,806
tirol,2020-04-06,2784,45,795
tirol,2020-04-07,2854,70,579
tirol,2020-04-08,2929,75,531
tirol,2020-04-09,3043,114,477
tirol,2020-04-10,3171,128,474
tirol,2020-04-11,3260,89,539
tirol,2020-04-12,3279,19,605
tirol,2020-04-13,3300,21,540
tirol,2020-04-14,3328,28,516
tirol,2020-04-15,3372,44,474
tirol,2020-04-16,3385,13,443
tirol,2020-04-17,3406,21,342
tirol,2020-04-18,3415,9,235
tirol,2020-04-19,3425,10,155
tirol,2020-04-20,3430,5,146
tirol,2020-04-21,3433,3,130
tirol,2020-04-22,3442,9,105
tirol,2020-04-23,3451,9,70
tirol,2020-04-24,3452,1,66
tirol,2020-04-25,3464,12,46
tirol,2020-04-26,3483,19,49
tirol,2020-04-27,3485,2,58
tirol,2020-04-28,3488,3,55
tirol,2020-04-29,3496,8,55
tirol,2020-04-30,3502,6,54
tirol,2020-05-01,3504,2,51
tirol,2020-05-02,3505,1,52
tirol,2020-05-03,3507,2,41
tirol,2020-05-04,3510,3,24
tirol,2020-05-05,3512,2,25
tirol,2020-05-06,3515,3,24
tirol,2020-05-07,3520,5,19
tirol,2020-05-08,3522,2,18
tirol,2020-05-09,3522,0,18
tirol,2020-05-10,3523,1,17
tirol,2020-05-11,3523,0,16
tirol,2020-05-12,3524,1,13
tirol,2020-05-13,3526,2,12
tirol,2020-05-14,3528,2,11
tirol,2020-05-15,3530,2,8
tirol,2020-05-16,3533,3,8
tirol,2020-05-17,3533,0,11
tirol,2020-05-18,3535,2,10
tirol,2020-05-19,3536,1,12
tirol,2020-05-20,3538,2,12
tirol,2020-05-21,3540,2,12
tirol,2020-05-22,3540,0,12
tirol,2020-05-23,3539,-1,10
tirol,2020-05-24,3542,3,6
tirol,2020-05-25,3542,0,9
tirol,2020-05-26,3542,0,7
tirol,2020-05-27,3544,2,6
tirol,2020-05-28,3545,1,6
tirol,2020-05-29,3546,1,5
tirol,2020-05-30,3546,0,6
tirol,2020-05-31,3546,0,7
tirol,2020-06-01,3546,0,4
tirol,2020-06-02,3547,1,4
tirol,2020-06-03,3547,0,5
tirol,2020-06-04,3550,3,3
tirol,2020-06-05,3551,1,5
tirol,2020-06-06,3551,0,5
tirol,2020-06-07,3551,0,5
tirol,2020-06-08,3551,0,5
tirol,2020-06-09,3552,1,5
tirol,2020-06-10,3553,1,5
tirol,2020-06-11,3553,0,6
tirol,2020-06-12,3553,0,3
tirol,2020-06-13,3553,0,2
tirol,2020-06-14,3553,0,2
tirol,2020-06-15,3554,1,2
tirol,2020-06-16,3554,0,3
tirol,2020-06-17,3554,0,2
tirol,2020-06-18,3554,0,1
tirol,2020-06-19,3554,0,1
tirol,2020-06-20,3555,1,1
tirol,2020-06-21,3555,0,2
tirol,2020-06-22,3556,1,2
tirol,2020-06-23,3557,1,2
tirol,2020-06-24,3557,0,3
tirol,2020-06-25,3558,1,3
tirol,2020-06-26,3559,1,4
tirol,2020-06-27,3560,1,5
tirol,2020-06-28,3561,1,5
tirol,2020-06-29,3556,-5,6
tirol,2020-06-30,3561,5,0
tirol,2020-07-01,3564,3,4
tirol,2020-07-02,3565,1,7
tirol,2020-07-03,3571,6,7
tirol,2020-07-04,3571,0,12
tirol,2020-07-05,3574,3,11
tirol,2020-07-06,3574,0,13
tirol,2020-07-07,3574,0,18
tirol,2020-07-08,3579,5,13
tirol,2020-07-09,3582,3,15
tirol,2020-07-10,3585,3,17
tirol,2020-07-11,3588,3,14
tirol,2020-07-12,3596,8,17
tirol,2020-07-13,3597,1,22
tirol,2020-07-14,3601,4,23
tirol,2020-07-15,3605,4,27
tirol,2020-07-16,3607,2,26
tirol,2020-07-17,3614,7,25
tirol,2020-07-18,3615,1,29
tirol,2020-07-19,3615,0,27
tirol,2020-07-20,3616,1,19
tirol,2020-07-21,3624,8,19
tirol,2020-07-22,3631,7,23
tirol,2020-07-23,3636,5,26
tirol,2020-07-24,3639,3,29
tirol,2020-07-25,3644,5,25
tirol,2020-07-26,3655,11,29
tirol,2020-07-27,3656,1,40
tirol,2020-07-28,3661,5,40
tirol,2020-07-29,3688,27,37
tirol,2020-07-30,3697,9,57
tirol,2020-07-31,3700,3,61
tirol,2020-08-01,3686,-14,61
tirol,2020-08-02,3690,4,42
tirol,2020-08-03,3703,13,35
tirol,2020-08-04,3703,0,47
tirol,2020-08-05,3710,7,42
tirol,2020-08-06,3716,6,22
tirol,2020-08-07,3720,4,19
tirol,2020-08-08,3722,2,20
tirol,2020-08-09,3723,1,36
tirol,2020-08-10,3725,2,33
tirol,2020-08-11,3738,13,22
tirol,2020-08-12,3766,28,35
tirol,2020-08-13,3793,27,56
tirol,2020-08-14,3851,58,77
tirol,2020-08-15,3888,37,131
tirol,2020-08-16,3900,12,166
tirol,2020-08-17,3920,20,177
tirol,2020-08-18,3961,41,195
tirol,2020-08-19,3983,22,223
tirol,2020-08-20,4003,20,217
tirol,2020-08-21,4037,34,210
tirol,2020-08-22,4084,47,186
tirol,2020-08-23,4108,24,196
tirol,2020-08-24,4121,13,208
tirol,2020-08-25,4153,32,201
tirol,2020-08-26,4186,33,192
tirol,2020-08-27,4237,51,203
tirol,2020-08-28,4257,20,234
tirol,2020-08-29,4306,49,220
tirol,2020-08-30,4339,33,222
tirol,2020-08-31,4361,22,231
tirol,2020-09-01,4395,34,240
tirol,2020-09-02,4456,61,242
tirol,2020-09-03,4512,56,270
tirol,2020-09-04,4554,42,275
tirol,2020-09-05,4592,38,297
tirol,2020-09-06,4607,15,286
tirol,2020-09-07,4638,31,268
tirol,2020-09-08,4694,56,277
tirol,2020-09-09,4770,76,299
tirol,2020-09-10,4834,64,314
tirol,2020-09-11,4927,93,322
tirol,2020-09-12,5014,87,373
tirol,2020-09-13,5065,51,422
tirol,2020-09-14,5086,21,458
tirol,2020-09-15,5197,111,448
tirol,2020-09-16,5280,83,503
tirol,2020-09-17,5345,65,510
tirol,2020-09-18,5420,75,511
tirol,2020-09-19,5500,80,493
tirol,2020-09-20,5562,62,486
tirol,2020-09-21,5595,33,497
tirol,2020-09-22,5649,54,509
tirol,2020-09-23,5715,66,452
tirol,2020-09-24,5773,58,435
tirol,2020-09-25,5835,62,428
tirol,2020-09-26,5896,61,415
tirol,2020-09-27,5947,51,396
tirol,2020-09-28,5974,27,385
tirol,2020-09-29,6042,68,379
tirol,2020-09-30,6108,66,393
vorarlberg,2020-02-24,0,0,0
vorarlberg,2020-02-25,0,0,0
vorarlberg,2020-02-26,0,0,0
vorarlberg,2020-02-27,0,0,0
vorarlberg,2020-02-28,0,0,0
vorarlberg,2020-02-29,0,0,0
vorarlberg,2020-03-01,0,0,0
vorarlberg,2020-03-02,0,0,0
vorarlberg,2020-03-03,0,0,0
vorarlberg,2020-03-04,0,0,0
vorarlberg,2020-03-05,0,0,0
vorarlberg,2020-03-06,0,0,0
vorarlberg,2020-03-07,0,0,0
vorarlberg,2020-03-08,0,0,0
vorarlberg,2020-03-09,3,3,0
vorarlberg,2020-03-10,11,8,3
vorarlberg,2020-03-11,13,2,11
vorarlberg,2020-03-12,16,3,13
vorarlberg,2020-03-13,25,9,16
vorarlberg,2020-03-14,34,9,25
vorarlberg,2020-03-15,48,14,34
vorarlberg,2020-03-16,55,7,48
vorarlberg,2020-03-17,99,44,52
vorarlberg,2020-03-18,124,25,88
vorarlberg,2020-03-19,151,27,111
vorarlberg,2020-03-20,197,46,135
vorarlberg,2020-03-21,228,31,172
vorarlberg,2020-03-22,263,35,194
vorarlberg,2020-03-23,323,60,215
vorarlberg,2020-03-24,379,56,268
vorarlberg,2020-03-25,407,28,280
vorarlberg,2020-03-26,435,28,283
vorarlberg,2020-03-27,503,68,284
vorarlberg,2020-03-28,553,50,306
vorarlberg,2020-03-29,579,26,325
vorarlberg,2020-03-30,616,37,316
vorarlberg,2020-03-31,646,30,293
vorarlberg,2020-04-01,671,25,267
vorarlberg,2020-04-02,695,24,264
vorarlberg,2020-04-03,714,19,260
vorarlberg,2020-04-04,722,8,211
vorarlberg,2020-04-05,746,24,169
vorarlberg,2020-04-06,758,12,167
vorarlberg,2020-04-07,784,26,142
vorarlberg,2020-04-08,793,9,138
vorarlberg,2020-04-09,801,8,122
vorarlberg,2020-04-10,819,18,106
vorarlberg,2020-04-11,825,6,105
vorarlberg,2020-04-12,831,6,103
vorarlberg,2020-04-13,832,1,85
vorarlberg,2020-04-14,832,0,74
vorarlberg,2020-04-15,860,28,48
vorarlberg,2020-04-16,865,5,67
vorarlberg,2020-04-17,867,2,64
vorarlberg,2020-04-18,870,3,48
vorarlberg,2020-04-19,870,0,45
vorarlberg,2020-04-20,872,2,39
vorarlberg,2020-04-21,878,6,40
vorarlberg,2020-04-22,879,1,46
vorarlberg,2020-04-23,879,0,19
vorarlberg,2020-04-24,880,1,14
vorarlberg,2020-04-25,881,1,13
vorarlberg,2020-04-26,881,0,11
vorarlberg,2020-04-27,881,0,11
vorarlberg,2020-04-28,881,0,9
vorarlberg,2020-04-29,881,0,3
vorarlberg,2020-04-30,881,0,2
vorarlberg,2020-05-01,882,1,2
vorarlberg,2020-05-02,883,1,2
vorarlberg,2020-05-03,883,0,2
vorarlberg,2020-05-04,885,2,2
vorarlberg,2020-05-05,885,0,4
vorarlberg,2020-05-06,885,0,4
vorarlberg,2020-05-07,885,0,4
vorarlberg,2020-05-08,885,0,4
vorarlberg,2020-05-09,885,0,3
vorarlberg,2020-05-10,885,0,2
vorarlberg,2020-05-11,885,0,2
vorarlberg,2020-05-12,885,0,0
vorarlberg,2020-05-13,885,0,0
vorarlberg,2020-05-14,885,0,0
vorarlberg,2020-05-15,886,1,0
vorarlberg,2020-05-16,886,0,1
vorarlberg,2020-05-17,888,2,1
vorarlberg,2020-05-18,890,2,3
vorarlberg,2020-05-19,891,1,5
vorarlberg,2020-05-20,896,5,6
vorarlberg,2020-05-21,897,1,11
vorarlberg,2020-05-22,899,2,12
vorarlberg,2020-05-23,899,0,13
vorarlberg,2020-05-24,899,0,13
vorarlberg,2020-05-25,899,0,11
vorarlberg,2020-05-26,899,0,9
vorarlberg,2020-05-27,899,0,8
vorarlberg,2020-05-28,899,0,3
vorarlberg,2020-05-29,899,0,2
vorarlberg,2020-05-30,900,1,0
vorarlberg,2020-05-31,900,0,1
vorarlberg,2020-06-01,901,1,1
vorarlberg,2020-06-02,901,0,2
vorarlberg,2020-06-03,901,0,2
vorarlberg,2020-06-04,903,2,2
vorarlberg,2020-06-05,906,3,4
vorarlberg,2020-06-06,908,2,7
vorarlberg,2020-06-07,908,0,8
vorarlberg,2020-06-08,909,1,8
vorarlberg,2020-06-09,909,0,8
vorarlberg,2020-06-10,909,0,8
vorarlberg,2020-06-11,910,1,8
vorarlberg,2020-06-12,910,0,7
vorarlberg,2020-06-13,910,0,4
vorarlberg,2020-06-14,910,0,2
vorarlberg,2020-06-15,910,0,2
vorarlberg,2020-06-16,910,0,1
vorarlberg,2020-06-17,910,0,1
vorarlberg,2020-06-18,910,0,1
vorarlberg,2020-06-19,911,1,0
vorarlberg,2020-06-20,911,0,1
vorarlberg,2020-06-21,911,0,1
vorarlberg,2020-06-22,911,0,1
vorarlberg,2020-06-23,912,1,1
vorarlberg,2020-06-24,912,0,2
vorarlberg,2020-06-25,913,1,2
vorarlberg,2020-06-26,913,0,3
vorarlberg,2020-06-27,913,0,2
vorarlberg,2020-06-28,915,2,2
vorarlberg,2020-06-29,914,-1,4
vorarlberg,2020-06-30,914,0,3
vorarlberg,2020-07-01,914,0,2
vorarlberg,2020-07-02,914,0,2
vorarlberg,2020-07-03,914,0,1
vorarlberg,2020-07-04,915,1,1
vorarlberg,2020-07-05,915,0,2
vorarlberg,2020-07-06,915,0,0
vorarlberg,2020-07-07,915,0,1
vorarlberg,2020-07-08,916,1,1
vorarlberg,2020-07-09,916,0,2
vorarlberg,2020-07-10,917,1,2
vorarlberg,2020-07-11,917,0,3
vorarlberg,2020-07-12,917,0,2
vorarlberg,2020-07-13,918,1,2
vorarlberg,2020-07-14,919,1,3
vorarlberg,2020-07-15,919,0,4
vorarlberg,2020-07-16,920,1,3
vorarlberg,2020-07-17,921,1,4
vorarlberg,2020-07-18,922,1,4
vorarlberg,2020-07-19,922,0,5
vorarlberg,2020-07-20,922,0,5
vorarlberg,2020-07-21,923,1,4
vorarlberg,2020-07-22,923,0,4
vorarlberg,2020-07-23,923,0,4
vorarlberg,2020-07-24,931,8,3
vorarlberg,2020-07-25,934,3,10
vorarlberg,2020-07-26,944,10,12
vorarlberg,2020-07-27,944,0,22
vorarlberg,2020-07-28,947,3,22
vorarlberg,2020-07-29,952,5,24
vorarlberg,2020-07-30,956,4,29
vorarlberg,2020-07-31,959,3,33
vorarlberg,2020-08-01,962,3,28
vorarlberg,2020-08-02,963,1,28
vorarlberg,2020-08-03,963,0,19
vorarlberg,2020-08-04,964,1,19
vorarlberg,2020-08-05,966,2,17
vorarlberg,2020-08-06,969,3,14
vorarlberg,2020-08-07,972,3,13
vorarlberg,2020-08-08,976,4,13
vorarlberg,2020-08-09,976,0,14
vorarlberg,2020-08-10,984,8,13
vorarlberg,2020-08-11,986,2,21
vorarlberg,2020-08-12,987,1,22
vorarlberg,2020-08-13,991,4,21
vorarlberg,2020-08-14,998,7,22
vorarlberg,2020-08-15,1013,15,26
vorarlberg,2020-08-16,1017,4,37
vorarlberg,2020-08-17,1019,2,41
vorarlberg,2020-08-18,1023,4,35
vorarlberg,2020-08-19,1029,6,37
vorarlberg,2020-08-20,1039,10,42
vorarlberg,2020-08-21,1044,5,48
vorarlberg,2020-08-22,1050,6,46
vorarlberg,2020-08-23,1052,2,37
vorarlberg,2020-08-24,1056,4,35
vorarlberg,2020-08-25,1059,3,37
vorarlberg,2020-08-26,1065,6,36
vorarlberg,2020-08-27,1068,3,36
vorarlberg,2020-08-28,1078,10,29
vorarlberg,2020-08-29,1082,4,34
vorarlberg,2020-08-30,1085,3,32
vorarlberg,2020-08-31,1087,2,33
vorarlberg,2020-09-01,1098,11,31
vorarlberg,2020-09-02,1106,8,39
vorarlberg,2020-09-03,1115,9,41
vorarlberg,2020-09-04,1123,8,47
vorarlberg,2020-09-05,1137,14,45
vorarlberg,2020-09-06,1149,12,55
vorarlberg,2020-09-07,1172,23,64
vorarlberg,2020-09-08,1190,18,85
vorarlberg,2020-09-09,1204,14,92
vorarlberg,2020-09-10,1215,11,98
vorarlberg,2020-09-11,1252,37,100
vorarlberg,2020-09-12,1280,28,129
vorarlberg,2020-09-13,1329,49,143
vorarlberg,2020-09-14,1363,34,180
vorarlberg,2020-09-15,1388,25,191
vorarlberg,2020-09-16,1441,53,198
vorarlberg,2020-09-17,1492,51,237
vorarlberg,2020-09-18,1520,28,277
vorarlberg,2020-09-19,1552,32,268
vorarlberg,2020-09-20,1590,38,272
vorarlberg,2020-09-21,1632,42,261
vorarlberg,2020-09-22,1659,27,269
vorarlberg,2020-09-23,1684,25,271
vorarlberg,2020-09-24,1717,33,243
vorarlberg,2020-09-25,1757,40,225
vorarlberg,2020-09-26,1786,29,237
vorarlberg,2020-09-27,1805,19,234
vorarlberg,2020-09-28,1832,27,215
vorarlberg,2020-09-29,1850,18,200
vorarlberg,2020-09-30,1874,24,191
wien,2020-02-24,0,0,0
wien,2020-02-25,0,0,0
wien,2020-02-26,0,0,0
wien,2020-02-27,0,0,0
wien,2020-02-28,0,0,0
wien,2020-02-29,0,0,0
wien,2020-03-01,0,0,0
wien,2020-03-02,0,0,0
wien,2020-03-03,14,14,0
wien,2020-03-04,14,0,14
wien,2020-03-05,14,0,14
wien,2020-03-06,14,0,14
wien,2020-03-07,14,0,14
wien,2020-03-08,14,0,14
wien,2020-03-09,35,21,14
wien,2020-03-10,43,8,35
wien,2020-03-11,50,7,29
wien,2020-03-12,66,16,36
wien,2020-03-13,82,16,52
wien,2020-03-14,101,19,68
wien,2020-03-15,122,21,87
wien,2020-03-16,128,6,108
wien,2020-03-17,166,38,93
wien,2020-03-18,209,43,123
wien,2020-03-19,234,25,159
wien,2020-03-20,300,66,168
wien,2020-03-21,359,59,218
wien,2020-03-22,404,45,258
wien,2020-03-23,478,74,282
wien,2020-03-24,637,159,350
wien,2020-03-25,703,66,471
wien,2020-03-26,825,122,494
wien,2020-03-27,1005,180,591
wien,2020-03-28,1067,62,705
wien,2020-03-29,1101,34,708
wien,2020-03-30,1235,134,697
wien,2020-03-31,1378,143,757
wien,2020-04-01,1547,169,741
wien,2020-04-02,1607,60,844
wien,2020-04-03,1677,70,782
wien,2020-04-04,1688,11,672
wien,2020-04-05,1704,16,621
wien,2020-04-06,1770,66,603
wien,2020-04-07,1820,50,535
wien,2020-04-08,1878,58,442
wien,2020-04-09,1918,40,331
wien,2020-04-10,1962,44,311
wien,2020-04-11,1996,34,285
wien,2020-04-12,2008,12,308
wien,2020-04-13,2028,20,304
wien,2020-04-14,2053,25,258
wien,2020-04-15,2121,68,233
wien,2020-04-16,2149,28,243
wien,2020-04-17,2175,26,231
wien,2020-04-18,2197,22,213
wien,2020-04-19,2228,31,201
wien,2020-04-20,2241,13,220
wien,2020-04-21,2260,19,213
wien,2020-04-22,2278,18,207
wien,2020-04-23,2307,29,157
wien,2020-04-24,2338,31,158
wien,2020-04-25,2366,28,163
wien,2020-04-26,2392,26,169
wien,2020-04-27,2405,13,164
wien,2020-04-28,2435,30,164
wien,2020-04-29,2472,37,175
wien,2020-04-30,2492,20,194
wien,2020-05-01,2531,39,185
wien,2020-05-02,2548,17,193
wien,2020-05-03,2566,18,182
wien,2020-05-04,2587,21,174
wien,2020-05-05,2602,15,182
wien,2020-05-06,2612,10,167
wien,2020-05-07,2654,42,140
wien,2020-05-08,2664,10,162
wien,2020-05-09,2701,37,133
wien,2020-05-10,2717,16,153
wien,2020-05-11,2725,8,151
wien,2020-05-12,2790,65,138
wien,2020-05-13,2809,19,188
wien,2020-05-14,2860,51,197
wien,2020-05-15,2886,26,206
wien,2020-05-16,2934,48,222
wien,2020-05-17,2960,26,233
wien,2020-05-18,2977,17,243
wien,2020-05-19,3002,25,252
wien,2020-05-20,3020,18,212
wien,2020-05-21,3059,39,211
wien,2020-05-22,3076,17,199
wien,2020-05-23,3100,24,190
wien,2020-05-24,3117,17,166
wien,2020-05-25,3135,18,157
wien,2020-05-26,3150,15,158
wien,2020-05-27,3170,20,148
wien,2020-05-28,3198,28,150
wien,2020-05-29,3221,23,139
wien,2020-05-30,3243,22,145
wien,2020-05-31,3288,45,143
wien,2020-06-01,3288,0,171
wien,2020-06-02,3310,22,153
wien,2020-06-03,3320,10,160
wien,2020-06-04,3341,21,150
wien,2020-06-05,3368,27,143
wien,2020-06-06,3403,35,147
wien,2020-06-07,3403,0,160
wien,2020-06-08,3464,61,115
wien,2020-06-09,3469,5,176
wien,2020-06-10,3487,18,159
wien,2020-06-11,3487,0,167
wien,2020-06-12,3529,42,146
wien,2020-06-13,3540,11,161
wien,2020-06-14,3565,25,137
wien,2020-06-15,3583,18,162
wien,2020-06-16,3625,42,119
wien,2020-06-17,3634,9,156
wien,2020-06-18,3646,12,147
wien,2020-06-19,3681,35,159
wien,2020-06-20,3712,31,152
wien,2020-06-21,3712,0,172
wien,2020-06-22,3734,22,147
wien,2020-06-23,3755,21,151
wien,2020-06-24,3770,15,130
wien,2020-06-25,3779,9,136
wien,2020-06-26,3804,25,133
wien,2020-06-27,3822,18,123
wien,2020-06-28,3861,39,110
wien,2020-06-29,3870,9,149
wien,2020-06-30,3898,28,136
wien,2020-07-01,3922,24,143
wien,2020-07-02,3945,23,152
wien,2020-07-03,3981,36,166
wien,2020-07-04,4034,53,177
wien,2020-07-05,4077,43,212
wien,2020-07-06,4098,21,216
wien,2020-07-07,4118,20,228
wien,2020-07-08,4147,29,220
wien,2020-07-09,4178,31,225
wien,2020-07-10,4212,34,233
wien,2020-07-11,4229,17,231
wien,2020-07-12,4266,37,195
wien,2020-07-13,4285,19,189
wien,2020-07-14,4324,39,187
wien,2020-07-15,4370,46,206
wien,2020-07-16,4400,30,223
wien,2020-07-17,4457,57,222
wien,2020-07-18,4509,52,245
wien,2020-07-19,4531,22,280
wien,2020-07-20,4569,38,265
wien,2020-07-21,4602,33,284
wien,2020-07-22,4635,33,278
wien,2020-07-23,4698,63,265
wien,2020-07-24,4736,38,298
wien,2020-07-25,4777,41,279
wien,2020-07-26,4837,60,268
wien,2020-07-27,4864,27,306
wien,2020-07-28,4908,44,295
wien,2020-07-29,4990,82,306
wien,2020-07-30,5011,21,355
wien,2020-07-31,5089,78,313
wien,2020-08-01,5131,42,353
wien,2020-08-02,5184,53,354
wien,2020-08-03,5235,51,347
wien,2020-08-04,5278,43,371
wien,2020-08-05,5302,24,370
wien,2020-08-06,5369,67,312
wien,2020-08-07,5453,84,358
wien,2020-08-08,5480,27,364
wien,2020-08-09,5555,75,349
wien,2020-08-10,5590,35,371
wien,2020-08-11,5661,71,355
wien,2020-08-12,5753,92,383
wien,2020-08-13,5793,40,451
wien,2020-08-14,5907,114,424
wien,2020-08-15,6036,129,454
wien,2020-08-16,6122,86,556
wien,2020-08-17,6192,70,567
wien,2020-08-18,6340,148,602
wien,2020-08-19,6424,84,679
wien,2020-08-20,6612,188,671
wien,2020-08-21,6783,171,819
wien,2020-08-22,6922,139,876
wien,2020-08-23,7021,99,886
wien,2020-08-24,7117,96,899
wien,2020-08-25,7204,87,925
wien,2020-08-26,7383,179,864
wien,2020-08-27,7513,130,959
wien,2020-08-28,7583,70,901
wien,2020-08-29,7786,203,800
wien,2020-08-30,7837,51,864
wien,2020-08-31,8005,168,816
wien,2020-09-01,8086,81,888
wien,2020-09-02,8226,140,882
wien,2020-09-03,8429,203,843
wien,2020-09-04,8625,196,916
wien,2020-09-05,8831,206,1042
wien,2020-09-06,8895,64,1045
wien,2020-09-07,8961,66,1058
wien,2020-09-08,9300,339,956
wien,2020-09-09,9558,258,1214
wien,2020-09-10,9947,389,1332
wien,2020-09-11,10210,263,1518
wien,2020-09-12,10652,442,1585
wien,2020-09-13,10803,151,1821
wien,2020-09-14,10966,163,1908
wien,2020-09-15,11366,400,2005
wien,2020-09-16,11685,319,2066
wien,2020-09-17,12051,366,2127
wien,2020-09-18,12392,341,2104
wien,2020-09-19,12823,431,2182
wien,2020-09-20,13144,321,2171
wien,2020-09-21,13315,171,2341
wien,2020-09-22,13519,204,2349
wien,2020-09-23,13825,306,2153
wien,2020-09-24,14253,428,2140
wien,2020-09-25,14563,310,2202
wien,2020-09-26,14859,296,2171
wien,2020-09-27,15140,281,2036
wien,2020-09-28,15381,241,1996
wien,2020-09-29,15687,306,2066
wien,2020-09-30,16015,328,2168
